driver_id,employee_code,first_name,last_name,license_number,license_type,license_expiry,phone,hire_date,status
1,EMP0001,Elkin,Cortés,2785736751,C2,2027-06-29,3994310083,2023-03-23,active
2,EMP0002,María,Herrera,7767538527,A2,2026-01-19,3106330865,2022-12-30,active
3,EMP0003,Andrés,Triana,8884394611,C2,2027-07-17,3624232414,2024-11-06,active
4,EMP0004,José,Ortiz,6467215542,A2,2025-12-14,3131165166,2022-07-28,active
5,EMP0005,Gladys,Camacho,1116402431,A2,2027-06-11,3245706210,2023-11-23,active
6,EMP0006,Milena,Álvarez,1780520225,C3,2026-01-28,3507059676,2025-06-21,active
7,EMP0007,Eduardo,Murillo,6204041308,C3,2027-11-30,3462388455,2025-02-18,active
8,EMP0008,José,Cruz,7105574449,C1,2028-07-06,3604988121,2022-04-24,active
9,EMP0009,Fidel,Martínez,9383431259,C2,2027-09-01,3798086909,2024-11-24,active
10,EMP0010,Julio,Bermúdez,3799264931,C1,2026-02-09,3365518424,2022-05-06,active
11,EMP0011,Andrea,Barbosa,4604460472,C2,2027-10-28,3356135680,2021-08-02,active
12,EMP0012,Miguel,Hurtado,5070585433,A2,2027-07-11,3851044796,2021-12-12,active
13,EMP0013,Jeison,Luna,8588769565,C2,2028-11-05,3750572325,2022-10-11,inactive
14,EMP0014,Fabián,Alvarado,4085320828,C2,2028-05-13,3433975497,2025-08-05,active
15,EMP0015,Maritza,Ramírez,3485432021,C3,2026-04-28,3718257024,2023-11-02,active
16,EMP0016,Carlos,Gómez,4070964768,C1,2026-04-09,3735760237,2024-11-27,active
17,EMP0017,Álvaro,Peña,8612747444,C1,2026-02-21,3954942461,2025-08-17,active
18,EMP0018,Sonia,Patiño,4361393222,C3,2026-09-07,3672030854,2023-01-07,active
19,EMP0019,Viviana,Gil,8136179811,C1,2027-11-06,3643271261,2024-01-18,active
20,EMP0020,María,Castrillón,3105400301,A2,2027-10-27,3488896443,2024-04-18,active
21,EMP0021,Clara,López,4037867512,A2,2028-11-22,3289125618,2025-09-02,active
22,EMP0022,Alba,Rodríguez,7371573279,A2,2026-06-22,3986625773,2024-09-05,active
23,EMP0023,Efrain,Acevedo,6447717367,C2,2027-09-02,3991990632,2021-08-22,active
24,EMP0024,Robinson,Rodríguez,2936179853,A2,2028-07-01,3711871397,2021-08-17,inactive
25,EMP0025,Jair,Pinzón,8164814926,C3,2026-04-07,3130816384,2022-07-19,active
26,EMP0026,Wilman,Reyes,8949781901,C2,2027-11-05,3623502759,2022-03-05,active
27,EMP0027,Dolores,Vanegas,6404582459,C3,2028-01-21,3740116562,2024-02-25,active
28,EMP0028,Andrey,López,3387104291,C2,2028-11-14,3191926217,2021-08-22,active
29,EMP0029,Aleida,Meneses,8387664437,A2,2028-08-07,3696115913,2024-10-28,active
30,EMP0030,Natalia,Torres,8261111839,A2,2025-12-15,3581223755,2023-09-07,active
31,EMP0031,Paula,Gutiérrez,5694628398,C2,2026-11-27,3534222401,2020-12-30,active
32,EMP0032,José,Suárez,7792729530,A2,2027-09-26,3694287057,2021-01-01,active
33,EMP0033,María,Carvajal,6771394050,C3,2026-08-23,3477753674,2024-11-23,active
34,EMP0034,Pedro,Gómez,6458544482,C3,2028-05-04,3347538338,2021-05-11,active
35,EMP0035,John,Zuluaga,4097892639,C3,2028-08-23,3228370927,2025-08-16,active
36,EMP0036,Ángel,Carrillo,3964229896,C2,2028-09-23,3332341238,2022-09-14,active
37,EMP0037,Francy,Forero,7858164010,C1,2028-11-23,3994027897,2022-04-24,active
38,EMP0038,Cecilia,Cardozo,2272368870,C3,2028-10-08,3292673892,2025-10-06,active
39,EMP0039,Javier,Morales,9650701349,C2,2027-03-13,3394539550,2024-07-12,active
40,EMP0040,Edgar,Chaparro,5184564874,C3,2028-02-06,3848846217,2025-03-16,active
41,EMP0041,Felipe,Benavides,8528185058,C1,2026-09-26,3113169872,2024-11-07,active
42,EMP0042,Santiago,Rodríguez,6516195409,A2,2026-03-26,3572949775,2023-03-21,active
43,EMP0043,Alfredo,Solano,5515628633,A2,2028-08-27,3222500131,2023-08-15,active
44,EMP0044,Manuela,Martínez,7015992643,C1,2028-02-11,3719571745,2022-06-01,active
45,EMP0045,Mauricio,Garzón,1651662547,C3,2028-03-06,3191462297,2022-02-25,active
46,EMP0046,Luis,Guerra,8578226896,C2,2027-02-25,3932894596,2023-10-11,active
47,EMP0047,Edilma,Arenas,6928678489,A2,2027-04-01,3419280490,2022-11-23,active
48,EMP0048,Camilo,Álvarez,9547119184,C3,2026-04-23,3710561240,2022-09-16,inactive
49,EMP0049,Jennifer,Ayala,9848621776,C1,2027-11-14,3918982730,2024-04-19,active
50,EMP0050,Elena,Santos,3686566602,C3,2027-06-24,3809129316,2023-01-20,active
51,EMP0051,Paola,Luna,1674555072,C2,2027-10-28,3692697161,2025-10-10,active
52,EMP0052,Edison,Agudelo,1672302490,A2,2026-08-01,3583724666,2023-08-26,inactive
53,EMP0053,Tatiana,Amaya,7313226025,C1,2027-03-15,3348545713,2022-02-24,active
54,EMP0054,Leonel,Gutiérrez,8331319481,A2,2026-06-08,3176428684,2022-11-17,active
55,EMP0055,María,Correa,9263135031,C2,2026-04-22,3556489494,2021-03-07,active
56,EMP0056,Jaime,Torres,3338877621,C2,2028-01-19,3385220694,2022-03-26,active
57,EMP0057,Doris,Rodríguez,1306702926,C2,2025-12-15,3951078441,2023-05-04,active
58,EMP0058,Ramón,González,9251459094,A2,2027-10-05,3233523720,2022-07-28,active
59,EMP0059,Carmen,Murillo,8252816758,A2,2028-08-14,3392322121,2025-08-26,active
60,EMP0060,Juan,Romero,7614170462,A2,2026-01-15,3186373782,2022-01-20,inactive
61,EMP0061,Jessica,Moreno,2075321966,C1,2026-06-30,3345805719,2025-03-08,active
62,EMP0062,Smith,Mesa,8822944679,C1,2026-03-02,3919382051,2021-01-29,active
63,EMP0063,Nora,Muñoz,8093179263,C3,2028-04-16,3294872482,2020-12-19,active
64,EMP0064,Claudia,Ocampo,8792122716,C1,2027-06-17,3604669821,2020-12-26,active
65,EMP0065,Jair,Quintero,7048809022,C3,2028-07-17,3819550381,2023-02-09,active
66,EMP0066,María,Blanco,4683935600,C3,2028-08-12,3542000551,2025-07-31,active
67,EMP0067,Dario,Cuesta,9354542654,C1,2025-12-31,3588365604,2021-03-25,active
68,EMP0068,Diana,Ríos,6645808194,C3,2026-09-03,3224469868,2023-09-05,active
69,EMP0069,William,García,9594878379,A2,2027-12-01,3543721204,2024-05-13,active
70,EMP0070,María,Becerra,8543865915,A2,2028-07-14,3916033628,2023-05-21,active
71,EMP0071,Carolina,Escobar,6169243284,C2,2027-03-18,3409268943,2023-03-23,active
72,EMP0072,Clara,Jaimes,3081821325,C1,2028-06-03,3776481264,2022-05-06,inactive
73,EMP0073,Amparo,Zambrano,4433026356,C2,2026-05-20,3433665422,2025-01-26,active
74,EMP0074,Luis,Cardona,9648665968,A2,2027-06-30,3200082623,2024-12-29,active
75,EMP0075,Jhony,Morales,4921003983,A2,2028-02-06,3226128312,2022-11-29,active
76,EMP0076,Alfredo,Gómez,8372755146,C3,2028-08-16,3546129354,2022-04-30,active
77,EMP0077,Néstor,Rincón,9505085936,C2,2025-12-15,3590470737,2023-01-02,active
78,EMP0078,Estiven,Giraldo,5916199809,C2,2027-03-13,3743576792,2025-06-29,active
79,EMP0079,Jhon,Gómez,5594799319,A2,2026-09-22,3464938258,2023-05-24,active
80,EMP0080,Valentina,Hernández,5305985001,C3,2027-05-14,3999232921,2021-09-23,active
81,EMP0081,Constanza,Rivera,8129391249,C2,2026-03-10,3579476614,2024-05-25,active
82,EMP0082,Julio,Sanabria,7375197714,C3,2026-01-10,3692616814,2023-11-24,active
83,EMP0083,Silvia,Ortega,6915072151,C3,2027-03-13,3302563940,2024-01-11,active
84,EMP0084,Elizabeth,Díaz,7750819485,C2,2026-04-28,3932734539,2022-08-27,active
85,EMP0085,José,Gutiérrez,5482431018,A2,2028-03-10,3857232668,2023-10-13,active
86,EMP0086,Jair,Ocampo,5212581851,A2,2026-05-20,3139749508,2023-08-07,active
87,EMP0087,Eduardo,Valencia,7829772942,C1,2028-07-19,3572775194,2024-07-27,active
88,EMP0088,Eugenia,Reyes,2962491159,C2,2027-09-15,3540211187,2021-10-26,active
89,EMP0089,María,Martínez,5616352188,C3,2027-09-18,3463527356,2021-02-24,inactive
90,EMP0090,Libia,Galeano,8270110908,C1,2026-06-05,3452794611,2024-11-25,active
91,EMP0091,Claudia,Rivera,8556573246,C1,2028-09-15,3762992051,2025-03-04,active
92,EMP0092,Carlos,Gómez,5683143581,C1,2028-01-17,3916440738,2025-11-04,active
93,EMP0093,Carlos,Gutiérrez,2905584866,C3,2026-08-25,3131081879,2021-04-10,active
94,EMP0094,Rocío,Henao,5535997538,C3,2027-10-13,3502482554,2024-11-30,active
95,EMP0095,José,Rodríguez,1625217504,A2,2027-01-25,3707660630,2023-09-15,active
96,EMP0096,Eder,Murcia,1730074215,C1,2027-06-28,3754436820,2020-12-20,active
97,EMP0097,Ruth,Rojas,6329323383,C2,2028-08-22,3349310440,2023-01-12,active
98,EMP0098,Leidy,Correa,8034746821,A2,2027-07-20,3374154962,2023-09-13,active
99,EMP0099,Carmen,Muñoz,3347621138,C1,2028-03-23,3574303740,2025-07-18,active
100,EMP0100,Luis,Sánchez,9426850694,C3,2027-04-25,3590523712,2025-04-15,active
101,EMP0101,Néstor,Jiménez,3075362821,C2,2027-06-30,3509486794,2021-07-17,active
102,EMP0102,Eduar,Henao,8298348088,C1,2026-06-28,3991246046,2023-12-14,active
103,EMP0103,Maribel,Silva,2178884276,C1,2027-09-07,3751124015,2021-11-01,active
104,EMP0104,María,Sierra,9173043235,C2,2027-08-15,3751831074,2024-07-10,active
105,EMP0105,Eliecer,Rodríguez,5464285982,A2,2027-07-09,3135824891,2023-05-10,active
106,EMP0106,Alexandra,Guerrero,1564409423,C3,2026-11-17,3450811990,2024-10-09,active
107,EMP0107,Fernando,Gómez,1754368373,C2,2026-06-28,3944511703,2025-06-02,active
108,EMP0108,Esther,Mendoza,6001680218,A2,2028-08-26,3965960427,2022-07-06,active
109,EMP0109,Eduardo,Morales,5789617427,C1,2026-03-17,3251136695,2024-12-15,active
110,EMP0110,Laura,Melo,9503787171,C3,2027-07-11,3196961971,2021-08-14,active
111,EMP0111,Gina,Ardila,5354747485,C1,2027-08-22,3588322781,2024-03-13,active
112,EMP0112,Nicolás,Delgado,8182649048,A2,2028-04-30,3983063850,2022-07-31,active
113,EMP0113,Eva,Martínez,6299224734,C1,2028-06-13,3765233376,2023-03-13,active
114,EMP0114,Paola,Álvarez,3620283102,C1,2026-08-08,3782259766,2022-01-20,active
115,EMP0115,Daniel,Blanco,2753617371,C2,2026-10-27,3148690765,2024-10-14,active
116,EMP0116,Lucy,Bautista,3115806625,C1,2028-05-10,3352114611,2022-11-02,active
117,EMP0117,Didier,Amaya,5877639950,A2,2027-03-25,3498370582,2024-12-10,active
118,EMP0118,Fredy,Rodríguez,9381721143,C1,2027-08-04,3841183219,2023-02-26,active
119,EMP0119,Nelly,Mosquera,6228133486,A2,2027-05-06,3353524015,2021-08-05,active
120,EMP0120,Sandra,Rojas,8239941612,C3,2027-08-29,3165015165,2021-04-23,active
121,EMP0121,Elsa,Villegas,2184901787,C1,2027-06-25,3984968439,2021-02-02,active
122,EMP0122,José,Velasco,9983668939,C2,2027-03-18,3789024924,2023-08-04,inactive
123,EMP0123,Humberto,Torres,5170814022,C1,2027-09-22,3944814262,2021-09-09,active
124,EMP0124,Fredy,Beltrán,3424843951,C1,2028-11-12,3991010113,2021-12-21,active
125,EMP0125,David,Romero,4735313433,C3,2028-05-01,3931471931,2022-03-20,active
126,EMP0126,José,Bermúdez,3559721644,C3,2027-09-30,3255357534,2023-09-30,active
127,EMP0127,Martha,Toro,7615175036,C2,2027-04-01,3218032515,2021-01-21,active
128,EMP0128,Carlos,Salazar,1566090561,C3,2027-11-05,3948239575,2022-06-06,active
129,EMP0129,Yenny,Oviedo,7824071339,C1,2027-05-08,3287095435,2025-09-11,active
130,EMP0130,José,Buitrago,1225052083,A2,2027-04-05,3664880035,2024-02-02,active
131,EMP0131,Mario,Arteaga,4202607993,A2,2028-07-18,3581331845,2021-08-10,active
132,EMP0132,Diego,Rivera,5763350700,C2,2026-02-20,3760465943,2021-10-14,active
133,EMP0133,Carolina,Ceballos,6590459705,C1,2028-01-19,3165310776,2024-03-28,active
134,EMP0134,Adrián,Molina,8934086843,A2,2025-12-11,3836691577,2022-03-27,active
135,EMP0135,José,Camacho,9202102595,C1,2028-01-09,3186748119,2023-02-24,active
136,EMP0136,María,Marín,3612617557,C1,2026-08-25,3235497187,2022-08-23,active
137,EMP0137,Edinson,Hernández,8353640266,A2,2027-06-25,3741444618,2021-04-30,active
138,EMP0138,Lucía,Rodríguez,6561543484,A2,2026-03-02,3206492059,2025-09-22,active
139,EMP0139,Milena,Toro,6218484323,A2,2027-11-11,3345343109,2024-12-27,active
140,EMP0140,María,Giraldo,7242730249,A2,2027-10-07,3883415470,2021-07-04,active
141,EMP0141,Mauricio,Parra,6637352245,C3,2026-11-15,3814154134,2023-09-02,active
142,EMP0142,Guillermo,Álvarez,9259157845,C1,2026-07-01,3197951867,2024-11-07,active
143,EMP0143,Paola,Castellanos,5695387521,C1,2027-08-18,3899496315,2021-09-28,active
144,EMP0144,Humberto,Díaz,4486522557,C1,2028-08-28,3729712082,2023-02-04,active
145,EMP0145,Alejandro,Ojeda,7707379050,C1,2027-07-23,3541102414,2021-11-07,active
146,EMP0146,Lizeth,Buitrago,6636925105,C1,2028-03-03,3720535283,2025-07-06,active
147,EMP0147,Wilson,Valencia,1913706213,A2,2027-04-06,3340781088,2022-11-10,active
148,EMP0148,Ruby,Martínez,7684109313,C1,2026-06-14,3918841563,2022-08-05,active
149,EMP0149,Fernando,Montes,3465740756,A2,2026-10-24,3702332331,2023-02-26,inactive
150,EMP0150,Milena,Pérez,9702693937,C3,2026-01-31,3131088245,2023-12-28,active
151,EMP0151,Blanca,Arrieta,8569491238,C3,2028-02-11,3476908532,2022-02-15,active
152,EMP0152,Gabriel,Camargo,8118240999,C1,2027-09-01,3252336745,2024-10-31,active
153,EMP0153,Julio,Carrillo,9984030846,C2,2026-08-18,3503935666,2022-05-09,active
154,EMP0154,Ana,Valencia,7243361127,C2,2027-03-14,3497341481,2023-08-05,active
155,EMP0155,Lilia,Álvarez,8394198376,C1,2026-07-12,3156488296,2023-04-13,active
156,EMP0156,Silvia,Valencia,3653594796,C1,2027-09-03,3392168202,2021-09-04,active
157,EMP0157,Arbey,Gutiérrez,8137972345,A2,2026-06-30,3751842899,2022-07-27,active
158,EMP0158,Leonardo,Barrios,7073872915,C2,2027-06-06,3910614025,2024-05-16,active
159,EMP0159,Jesús,Ortiz,5783809766,A2,2028-03-19,3219066986,2021-05-25,active
160,EMP0160,Wilfredo,Peña,7842459488,C3,2028-03-09,3148766522,2024-12-06,active
161,EMP0161,María,Silva,3574081104,C1,2026-07-26,3319497661,2023-04-04,active
162,EMP0162,Fabio,Salazar,5060136033,C2,2026-01-05,3920511515,2023-02-11,active
163,EMP0163,Elena,Suárez,6538133249,C1,2026-10-13,3108299923,2021-12-10,active
164,EMP0164,José,Giraldo,8503368512,C2,2026-12-26,3238712095,2024-04-08,active
165,EMP0165,Mirian,Medina,2521136431,A2,2028-11-03,3896760809,2025-10-25,active
166,EMP0166,Jennifer,García,2873548915,A2,2028-09-15,3183604337,2021-05-20,active
167,EMP0167,Julieth,Galvis,7767834064,A2,2026-11-03,3861818706,2025-06-07,active
168,EMP0168,Luisa,Galvis,2243458354,A2,2026-06-30,3122394554,2021-09-21,active
169,EMP0169,Hernán,Camargo,2554145481,A2,2028-09-13,3213669678,2022-02-01,active
170,EMP0170,Tatiana,Valencia,5632753983,C3,2026-12-30,3900801837,2024-02-28,active
171,EMP0171,Isaac,Marín,6246612046,C2,2026-11-11,3182011731,2024-07-18,active
172,EMP0172,Liliana,Angulo,3719679239,C2,2027-03-12,3933468715,2024-05-16,active
173,EMP0173,María,Rodríguez,1634323009,C1,2027-12-04,3257243284,2025-04-10,active
174,EMP0174,Samuel,Rivas,1847275937,C2,2027-05-29,3916274954,2023-11-02,active
175,EMP0175,Amparo,Ramírez,7417183769,A2,2026-08-16,3831361497,2025-10-16,active
176,EMP0176,Santiago,Espinosa,2357806226,A2,2026-12-11,3173321814,2025-06-16,active
177,EMP0177,Alfonso,Toro,5536224717,C1,2027-10-12,3433297890,2023-07-30,active
178,EMP0178,Sonia,Martínez,2940955281,C1,2028-02-18,3495928981,2025-10-08,active
179,EMP0179,Nancy,Fernández,9919491730,C1,2026-06-06,3760360225,2022-10-20,inactive
180,EMP0180,Patricia,Correa,7472806994,A2,2028-01-28,3723123952,2024-12-18,active
181,EMP0181,Beatriz,Arias,5471158508,C2,2027-11-11,3445236735,2021-11-08,inactive
182,EMP0182,Brayan,Galindo,5560712830,C1,2026-05-06,3970768982,2022-07-01,active
183,EMP0183,Andrés,Quiroz,9952125442,C2,2026-12-27,3142028540,2025-01-21,active
184,EMP0184,Andrea,Lara,8334179373,A2,2026-09-20,3662714327,2025-10-18,active
185,EMP0185,Claudia,Sierra,3619094295,C3,2028-08-28,3500346767,2025-07-09,active
186,EMP0186,Alba,Sanabria,6958908766,C3,2026-06-15,3828960875,2020-12-13,inactive
187,EMP0187,Andrea,Guzmán,2437308013,C3,2027-12-29,3201474984,2024-04-18,active
188,EMP0188,Alfredo,Orozco,8208584394,C3,2027-08-24,3370578414,2022-09-03,inactive
189,EMP0189,Magda,Rodríguez,4750707607,C3,2027-09-07,3187512088,2024-01-28,active
190,EMP0190,Andrea,Anaya,3850192297,C3,2027-08-06,3433108786,2021-01-01,active
191,EMP0191,Ana,Vargas,5658832688,A2,2026-09-18,3790945624,2023-10-28,active
192,EMP0192,Samuel,Rodríguez,4492602049,C1,2026-10-17,3793663866,2025-07-20,active
193,EMP0193,Oswaldo,Montoya,7478908722,C1,2026-11-13,3489336282,2025-07-06,active
194,EMP0194,Enrique,Restrepo,6214917780,A2,2028-04-17,3306164050,2022-07-30,active
195,EMP0195,Elisa,Ardila,5294866888,C2,2026-05-04,3182855381,2025-09-22,active
196,EMP0196,María,Zapata,9752058817,C3,2027-03-05,3922816526,2024-09-22,inactive
197,EMP0197,Isabel,Cárdenas,2617999521,C2,2027-08-07,3294181873,2022-03-18,inactive
198,EMP0198,Lucía,Restrepo,2879792991,A2,2028-08-15,3491163514,2023-09-12,active
199,EMP0199,Julián,Hernández,9459318641,C3,2028-06-25,3907873857,2025-04-02,active
200,EMP0200,Matilde,Vargas,6322188162,A2,2026-11-20,3996696177,2021-04-13,active
201,EMP0201,Carlos,Arrieta,9523104008,A2,2026-06-16,3926178355,2021-04-06,active
202,EMP0202,Iván,Durán,8636984580,A2,2027-06-19,3274008639,2021-04-22,active
203,EMP0203,María,Gómez,2073755632,A2,2028-02-16,3498585961,2021-07-31,active
204,EMP0204,Luis,Mosquera,5012760260,C1,2026-12-08,3406084084,2021-05-28,active
205,EMP0205,Maritza,Romero,4277561834,C3,2028-06-09,3582452834,2023-06-28,active
206,EMP0206,Rocío,Suárez,2878930355,C2,2027-04-19,3976928440,2021-04-04,active
207,EMP0207,Andrés,Mosquera,9094423237,C1,2027-02-28,3545492166,2022-01-22,active
208,EMP0208,Miguel,González,2606152369,A2,2028-08-25,3187623171,2022-05-19,active
209,EMP0209,Ana,Cifuentes,1964386641,C3,2026-02-01,3206389694,2024-03-07,active
210,EMP0210,Maribel,Palacios,4398953973,C2,2027-09-18,3141127742,2024-05-18,active
211,EMP0211,Julieth,Zapata,4569592370,A2,2028-03-12,3581682167,2024-08-06,inactive
212,EMP0212,Yolima,González,1340272119,C3,2026-03-05,3331557515,2024-07-23,active
213,EMP0213,Martha,Barbosa,7561728644,C1,2026-03-31,3933409017,2025-02-21,active
214,EMP0214,Jessica,Pineda,6315624319,C1,2028-09-22,3151270577,2023-05-23,active
215,EMP0215,José,Ramos,2963288053,C1,2027-04-28,3998386592,2023-05-23,active
216,EMP0216,Arturo,Ramírez,9660523876,C2,2027-06-12,3871531100,2021-05-03,active
217,EMP0217,Sergio,Saavedra,6545970956,C1,2026-10-23,3760146764,2025-11-03,active
218,EMP0218,Amanda,Betancur,2789144223,C1,2027-05-01,3662087258,2022-03-18,active
219,EMP0219,Óscar,Rodríguez,3380064537,A2,2026-03-24,3604803700,2022-10-22,active
220,EMP0220,Adriana,Ojeda,8025152555,C3,2027-02-18,3372354893,2022-11-03,active
221,EMP0221,Segundo,Ortiz,5585133383,C2,2026-11-12,3886989426,2024-09-16,active
222,EMP0222,Jimmy,Carrillo,2428156550,C1,2027-09-26,3478278218,2020-12-18,active
223,EMP0223,Socorro,Mantilla,3760786161,A2,2025-12-31,3846668526,2022-10-12,active
224,EMP0224,Diana,Mendoza,3713284816,C2,2027-04-27,3167753684,2024-11-15,active
225,EMP0225,Edilson,Quintero,5453811475,C2,2026-09-02,3147036629,2021-08-25,active
226,EMP0226,Yeny,Forero,4804440746,C3,2026-10-13,3432941445,2023-04-19,active
227,EMP0227,Andrea,Osorio,7328203808,C1,2028-02-08,3908839964,2025-02-26,active
228,EMP0228,Angélica,Flórez,6523804237,C1,2026-12-11,3804086195,2023-08-25,active
229,EMP0229,María,Ramos,2173456409,C3,2028-05-16,3569172971,2021-11-30,active
230,EMP0230,Maribel,Calderón,8487449580,A2,2026-06-09,3464037804,2024-01-27,active
231,EMP0231,Henry,Herrera,7431813987,C3,2027-11-14,3960226208,2025-04-30,active
232,EMP0232,Jean,Vera,8417757797,C1,2027-04-16,3562360908,2022-01-23,inactive
233,EMP0233,Joan,Rodríguez,6556684476,C1,2026-12-29,3185973340,2025-02-04,active
234,EMP0234,Diego,García,8133593748,C3,2028-03-24,3578798403,2021-11-02,inactive
235,EMP0235,María,Pinto,8377306021,C2,2026-02-16,3840629322,2025-05-15,active
236,EMP0236,Javier,Castro,6804850108,C1,2027-05-11,3880411013,2021-02-25,active
237,EMP0237,Germán,Pérez,7163022531,C1,2027-07-29,3180574838,2025-10-19,active
238,EMP0238,Jesús,Sánchez,3918046336,C1,2026-12-02,3253308283,2023-03-11,inactive
239,EMP0239,Carmen,Barrera,2881937953,C2,2026-06-08,3172191273,2024-12-24,active
240,EMP0240,Inés,Pérez,6868336102,A2,2026-08-06,3709074302,2021-08-07,active
241,EMP0241,María,Ospino,3598862507,A2,2028-09-02,3498320110,2021-07-04,active
242,EMP0242,Lorena,Guerrero,9920154998,C2,2027-01-01,3668503222,2023-04-09,active
243,EMP0243,Albeiro,Bustamante,7004510516,C3,2026-02-16,3368018471,2021-01-30,active
244,EMP0244,Diana,González,9701231535,C2,2027-12-10,3635844374,2021-11-05,active
245,EMP0245,Blanca,Yepes,3412365931,C3,2027-02-21,3932111777,2021-05-29,active
246,EMP0246,Hernando,Díaz,8318786687,C2,2026-05-12,3756998124,2025-09-02,active
247,EMP0247,Salvador,Correa,9584045520,C2,2026-02-25,3231680929,2023-07-08,active
248,EMP0248,Carlos,Hurtado,4662861038,A2,2028-11-01,3285388355,2025-07-14,active
249,EMP0249,Alexander,Rojas,5283209430,C3,2028-07-15,3817087513,2022-03-15,active
250,EMP0250,Fredy,García,4047453184,C3,2027-12-24,3422076028,2021-05-20,active
251,EMP0251,Pablo,Giraldo,3738900744,C3,2028-04-09,3646272321,2021-08-20,active
252,EMP0252,Damaris,Muñoz,1596471620,A2,2028-01-08,3128222260,2022-09-16,active
253,EMP0253,Eduardo,Salamanca,6879428703,C2,2027-08-07,3757074545,2021-06-23,active
254,EMP0254,Omar,Rojas,5577353273,A2,2027-02-09,3869801588,2023-10-09,active
255,EMP0255,David,Miranda,7552812957,A2,2026-10-19,3984053945,2021-05-03,active
256,EMP0256,Sofía,Álvarez,1316756902,C3,2028-07-20,3789705810,2021-09-24,active
257,EMP0257,Alba,Ardila,7227593033,C3,2027-10-17,3237798236,2025-02-27,active
258,EMP0258,Tania,Álvarez,5150074940,A2,2027-06-05,3639945876,2021-02-07,active
259,EMP0259,Andrés,Pérez,4570796341,C2,2027-11-06,3426551245,2023-09-05,active
260,EMP0260,Pilar,Ortiz,5990610098,C2,2026-05-25,3471539452,2025-01-30,active
261,EMP0261,Luz,Castillo,9138644862,C1,2028-08-07,3369085407,2024-11-09,active
262,EMP0262,John,Londoño,7660813178,C2,2027-02-24,3771112648,2022-11-18,active
263,EMP0263,Amparo,Posada,9991206531,C2,2026-01-08,3735449477,2022-12-06,active
264,EMP0264,Martha,Restrepo,1662259333,C3,2026-09-29,3705180256,2022-05-17,active
265,EMP0265,Janeth,Murillo,1121863227,C1,2026-01-13,3788755699,2024-10-20,active
266,EMP0266,Angie,Buitrago,7752277876,C1,2028-05-13,3634764290,2021-06-26,active
267,EMP0267,Edisson,Murillo,9403748506,A2,2026-09-28,3362935648,2024-11-08,active
268,EMP0268,Alejandra,Valencia,6572436051,C1,2027-12-19,3839393192,2025-04-24,active
269,EMP0269,John,Caicedo,5973917657,A2,2026-10-22,3619960692,2021-06-07,active
270,EMP0270,Claudia,Cárdenas,6171239466,C2,2026-01-19,3435632899,2021-07-26,active
271,EMP0271,Laura,Bautista,8991977937,A2,2028-10-26,3240409084,2021-11-27,active
272,EMP0272,Marina,Aguirre,5751023835,C2,2028-10-19,3600871106,2024-11-20,active
273,EMP0273,Elena,Gaviria,6443749394,C2,2027-07-20,3251266214,2023-09-08,active
274,EMP0274,Dahiana,Londoño,5512315375,A2,2028-08-24,3760756497,2023-02-05,active
275,EMP0275,James,Rincón,2343100352,C2,2026-03-03,3635008544,2023-04-06,active
276,EMP0276,Manuel,Luna,7299922974,C3,2027-03-12,3634047267,2023-04-22,active
277,EMP0277,Leidy,Zambrano,2033921654,C3,2028-10-27,3152246275,2021-01-31,active
278,EMP0278,Catalina,Niño,6503383556,A2,2027-08-02,3406819991,2023-05-17,active
279,EMP0279,Kevin,Hernández,5756663747,C2,2026-06-04,3383975609,2023-03-23,active
280,EMP0280,David,Perdomo,8575707116,C3,2026-12-30,3148578655,2021-11-13,active
281,EMP0281,Manuel,Arias,9809655189,C2,2028-04-17,3489256938,2023-09-04,active
282,EMP0282,Andrés,Espinosa,2239534867,A2,2028-08-13,3641440255,2023-09-09,active
283,EMP0283,Milena,Hernández,1510289448,C1,2028-04-10,3522950895,2025-03-16,active
284,EMP0284,John,Trujillo,9327720702,C2,2026-01-22,3313736772,2025-09-11,inactive
285,EMP0285,Edilberto,Mesa,7481631841,C1,2028-02-02,3148644109,2022-02-14,active
286,EMP0286,Myriam,Bautista,2962750929,C2,2028-09-06,3452150647,2025-03-19,inactive
287,EMP0287,José,Angulo,2368076065,A2,2027-06-09,3761962359,2024-11-28,active
288,EMP0288,Esteban,García,7844995269,A2,2026-06-08,3861003571,2021-09-26,active
289,EMP0289,Eugenio,Rivera,6582557981,C1,2027-12-15,3495521185,2023-11-21,active
290,EMP0290,Edwin,Hernández,3893976444,A2,2027-03-30,3726745401,2025-07-25,active
291,EMP0291,Manuel,Beltrán,9704383251,A2,2028-02-24,3385111130,2022-05-13,active
292,EMP0292,Jesús,Gómez,3480920839,C1,2026-12-26,3726553348,2022-10-09,active
293,EMP0293,Diego,Franco,8907752604,C2,2026-09-04,3982252092,2024-08-05,active
294,EMP0294,Edgar,Rincón,9725528903,C1,2026-07-13,3304853117,2022-03-04,active
295,EMP0295,Diana,Álvarez,7189213526,A2,2028-09-07,3262598077,2024-06-28,active
296,EMP0296,Guillermo,González,3965676060,A2,2027-12-24,3638824588,2024-02-12,inactive
297,EMP0297,Marina,Sierra,9248574674,C1,2025-12-26,3857820386,2022-04-18,active
298,EMP0298,Andrea,Bastidas,3227727430,C3,2027-08-24,3811060614,2022-11-19,active
299,EMP0299,María,Arévalo,7551874474,C3,2028-01-26,3285953213,2024-12-10,active
300,EMP0300,Ángela,Ardila,8272725281,A2,2028-03-15,3306442077,2025-08-20,active
301,EMP0301,Francisco,Sánchez,2282044148,C3,2028-04-01,3928042067,2023-06-11,active
302,EMP0302,Michael,Palacio,4027526473,A2,2026-11-20,3440419907,2025-08-18,active
303,EMP0303,Miller,Pinzón,6469458472,C1,2027-10-03,3715766024,2024-11-09,active
304,EMP0304,Lucía,Toro,9504724761,C3,2026-01-01,3930071496,2023-03-06,active
305,EMP0305,Julián,Mena,2247484671,C3,2027-03-03,3866803374,2021-01-11,active
306,EMP0306,Andrés,Arrieta,3057629778,C2,2027-07-29,3989006374,2023-05-17,active
307,EMP0307,Carol,Flórez,2166605339,C1,2028-01-14,3761078179,2025-03-11,active
308,EMP0308,Juan,Chávez,2027708670,C1,2027-06-28,3819228743,2022-06-03,active
309,EMP0309,José,Santos,2000025413,C1,2028-05-03,3543778963,2021-04-19,active
310,EMP0310,Ángela,Sepúlveda,8375996697,C1,2028-09-24,3831424323,2025-02-03,active
311,EMP0311,María,Pérez,4990452762,A2,2026-06-19,3801038300,2023-12-11,active
312,EMP0312,Dario,Delgado,9434946584,C3,2025-12-10,3406462391,2024-03-23,active
313,EMP0313,Marleny,Álvarez,9974165440,C2,2026-09-29,3674615376,2022-12-17,active
314,EMP0314,Javier,Gallego,6046864799,C2,2026-05-18,3139019611,2022-08-06,active
315,EMP0315,María,Salcedo,8679232444,C2,2027-02-06,3904236062,2023-02-07,active
316,EMP0316,Manuel,Ruiz,4765583254,C1,2025-12-27,3420396197,2023-07-28,active
317,EMP0317,Alexandra,Escobar,3588933132,C3,2027-12-02,3405545745,2025-10-16,active
318,EMP0318,Luis,Velásquez,5031086659,A2,2026-03-16,3392956587,2024-12-29,active
319,EMP0319,José,Quintero,4473829163,C3,2028-10-06,3274476883,2021-08-22,active
320,EMP0320,Marina,Pinzón,8079331637,C2,2028-10-24,3115122787,2024-06-17,active
321,EMP0321,Jaime,Montenegro,8691288568,C2,2028-03-25,3288436227,2023-09-21,inactive
322,EMP0322,Lidia,Valencia,9147736635,A2,2027-11-30,3653278397,2023-10-06,active
323,EMP0323,Valentina,Beltrán,5667503195,C1,2026-11-21,3298407302,2022-12-27,active
324,EMP0324,María,Benítez,7345617046,C2,2028-07-04,3107333788,2025-05-14,active
325,EMP0325,Fredy,Zapata,2647439475,A2,2026-05-04,3909340042,2023-08-19,active
326,EMP0326,Antonio,Mejía,9392515666,C3,2026-02-20,3725412469,2024-01-03,active
327,EMP0327,Alexander,García,5344083406,C3,2027-09-05,3843854609,2021-03-26,active
328,EMP0328,Fernanda,Díaz,9856756553,C1,2028-09-30,3599714064,2022-07-19,active
329,EMP0329,María,Tovar,5980945846,C3,2028-11-17,3841193655,2023-05-07,active
330,EMP0330,Cristian,Sierra,9334966533,C3,2026-06-09,3759949050,2021-12-09,active
331,EMP0331,Luis,Amaya,5868640848,C2,2028-05-25,3588529624,2021-03-04,inactive
332,EMP0332,Marino,Vargas,6899673770,A2,2028-02-29,3913198930,2023-03-12,active
333,EMP0333,Alexander,Castro,4545940090,C2,2026-12-18,3830511568,2022-01-06,inactive
334,EMP0334,María,Pérez,9941564880,A2,2026-10-25,3667121569,2024-05-09,active
335,EMP0335,Paulo,Jiménez,3423086220,C1,2028-08-30,3989889367,2022-02-09,active
336,EMP0336,Edwar,Peña,3304937838,C2,2027-04-07,3452313624,2021-12-08,active
337,EMP0337,Francisco,Hernández,2897690739,C2,2026-02-15,3869784803,2021-06-19,active
338,EMP0338,Yulieth,Ibarra,3099500153,A2,2026-05-24,3968326513,2021-08-15,active
339,EMP0339,Carlos,Jiménez,2947476917,A2,2026-02-17,3590483627,2025-01-04,active
340,EMP0340,Jorge,Pineda,9837912162,A2,2028-09-25,3822378827,2024-04-01,active
341,EMP0341,Nelson,Pérez,4106464319,A2,2027-09-01,3373221357,2021-09-24,active
342,EMP0342,Yeison,Rivas,4203205881,C1,2028-04-09,3148629555,2021-10-16,active
343,EMP0343,Antonia,Gómez,9863781331,C1,2028-09-11,3174108740,2021-02-12,active
344,EMP0344,Luis,García,5431267548,A2,2028-06-12,3293253475,2024-09-04,active
345,EMP0345,María,Ibarra,7100408092,A2,2027-01-21,3581613078,2023-03-07,active
346,EMP0346,José,Bermúdez,2613385303,C2,2026-09-15,3801726890,2021-03-22,active
347,EMP0347,María,Barrera,1509525588,A2,2028-05-24,3667840357,2023-10-13,active
348,EMP0348,Alonso,Galvis,6576426590,A2,2027-05-31,3671159367,2025-03-30,active
349,EMP0349,Juan,Guevara,4536306171,C2,2028-04-04,3594592624,2025-11-20,active
350,EMP0350,Michael,Vargas,5961208540,C2,2026-10-05,3878488534,2025-01-29,active
351,EMP0351,Victoria,Ospina,8130494783,C1,2026-01-06,3358413465,2021-04-04,active
352,EMP0352,Lizeth,Osorio,1289012242,C1,2026-10-01,3579362443,2021-08-14,inactive
353,EMP0353,Silvia,Rodríguez,4746123831,C2,2026-05-14,3895149930,2025-06-08,active
354,EMP0354,Hernando,González,7022683808,C2,2027-05-21,3679562681,2024-01-22,active
355,EMP0355,Ciro,Meza,4333167876,C2,2027-07-04,3641054044,2021-10-23,active
356,EMP0356,Enrique,Mosquera,7769342363,C3,2026-07-03,3354373770,2023-08-20,active
357,EMP0357,Astrid,García,4763500857,C2,2027-01-06,3544056890,2025-07-05,active
358,EMP0358,Ana,Camacho,2181777110,C2,2027-08-11,3772155012,2025-04-28,active
359,EMP0359,Milena,Torres,7682327733,C1,2028-10-26,3469812603,2024-03-07,active
360,EMP0360,Luisa,Granados,7083067988,C2,2028-08-29,3422002819,2021-12-21,active
361,EMP0361,Jesús,Vega,7605351600,C2,2028-11-24,3341961866,2022-04-09,active
362,EMP0362,Ricardo,Gutiérrez,9837427517,A2,2026-03-25,3547221915,2023-07-31,active
363,EMP0363,Miriam,González,3276297510,A2,2026-08-04,3360767346,2021-08-07,active
364,EMP0364,Esther,Espinosa,6168291913,C1,2026-08-10,3582954920,2025-04-10,active
365,EMP0365,Teresa,Giraldo,9987064419,C2,2028-10-21,3155337035,2023-11-13,active
366,EMP0366,Santiago,Quintero,1312606333,C2,2028-11-09,3614745610,2023-10-26,active
367,EMP0367,Manuel,Gómez,6725038117,C1,2028-11-07,3327426863,2024-01-16,active
368,EMP0368,Juan,Toro,6173344564,C2,2027-11-25,3692790631,2021-12-18,active
369,EMP0369,Juan,López,8625774078,A2,2026-05-15,3600632621,2025-01-20,active
370,EMP0370,Edgar,Bohórquez,8081204252,C3,2026-10-17,3380849661,2025-04-05,active
371,EMP0371,Jimmy,Caicedo,7430757004,C1,2026-05-31,3962017778,2021-11-27,active
372,EMP0372,Víctor,Ruiz,6167393219,C3,2026-09-11,3544454140,2024-10-26,active
373,EMP0373,Sonia,Bonilla,1626733282,C3,2026-04-19,3694113766,2021-10-07,active
374,EMP0374,Gina,Pérez,7088451458,C2,2026-08-03,3310659326,2024-05-29,active
375,EMP0375,Fernando,Estrada,6282889763,C2,2027-08-26,3636120880,2025-08-06,active
376,EMP0376,Amanda,Leal,8236361108,C3,2028-03-01,3919652226,2022-01-09,active
377,EMP0377,Arnulfo,Arroyo,7402059279,C2,2026-05-31,3886808192,2024-02-19,active
378,EMP0378,Yasmín,Marín,1726990714,A2,2027-01-08,3297619784,2024-01-04,active
379,EMP0379,Alirio,Espinosa,5111301175,C1,2026-04-24,3179811669,2023-08-09,active
380,EMP0380,Lady,León,4282810353,A2,2028-08-04,3247630403,2023-01-28,active
381,EMP0381,Juan,Sarmiento,9881854670,C2,2028-09-06,3109815572,2025-10-26,active
382,EMP0382,Mónica,Gutiérrez,7467073633,C3,2027-05-08,3164907817,2022-10-18,inactive
383,EMP0383,Jaider,Rodríguez,9215204939,A2,2028-03-09,3116891857,2025-11-01,active
384,EMP0384,Paola,Rojas,2766685440,C1,2028-07-24,3668457864,2022-11-30,active
385,EMP0385,Isabel,Mosquera,2231317910,A2,2027-09-30,3965615974,2025-04-30,active
386,EMP0386,Isabel,Amaya,1639509845,C2,2026-10-25,3765484610,2023-04-29,active
387,EMP0387,Jorge,Ruiz,6817280229,A2,2028-03-28,3184846271,2025-08-16,active
388,EMP0388,Luz,Espinosa,9415119956,A2,2026-03-07,3706666479,2024-05-17,active
389,EMP0389,Mauricio,Guerrero,6265016831,C1,2026-10-31,3801943382,2022-07-23,active
390,EMP0390,Aleida,Alvarado,5696548897,A2,2026-03-04,3504982743,2023-02-05,active
391,EMP0391,Andrea,Torres,3044426338,C1,2028-01-01,3854674236,2023-03-23,active
392,EMP0392,Fredy,Angulo,5650101484,A2,2026-05-30,3792463878,2021-08-31,active
393,EMP0393,Alba,Ramírez,1182758417,C2,2027-01-03,3843338269,2021-05-16,active
394,EMP0394,Ariel,Sarmiento,7337225482,C1,2026-05-24,3179830621,2025-09-27,active
395,EMP0395,Esperanza,Flórez,1141312095,C3,2026-03-16,3116812751,2022-03-17,active
396,EMP0396,Johana,Muñoz,3521300895,A2,2028-09-23,3182611003,2025-03-19,active
397,EMP0397,Juan,Nieto,6719736115,C2,2026-11-16,3948790854,2024-12-10,active
398,EMP0398,Mauricio,Anaya,9479654136,C1,2028-03-29,3204889313,2022-07-24,active
399,EMP0399,Ángel,Daza,5621463184,A2,2026-08-09,3930598266,2025-09-14,active
400,EMP0400,Óscar,Villamil,9717175839,C3,2026-07-21,3941328406,2021-04-17,active
